True Label,Predicted Label,Confidence
Abhi,Hassan,0.50075382273333
Ajmal,Abhi,0.41430714358678217
Chetan,Akshar,0.7093559129618441
Deeksha,Shakthi,0.4778940486405228
Hassan,Deepak.S,0.7681881992010104
Hassan,Ajmal,0.600259313863624
Hassan,Deepak.S,0.658030068421828
Shakthi,Deeksha,0.624173172582045
