{
  "user_id": "test",
  "timestamp": "20250615_000457",
  "sample_number": 1,
  "tone_duration": 0.5,
  "record_duration": 0.7,
  "freq": 1000,
  "in_ear": true,
  "lag_offset_ms": -0.0625,
  "echo_tail_ms": 5000.0,
  "zcr": 0.15262974051896208,
  "decay": 0.00025215552687424643,
  "rms": 0.2206602402896216
}