{
  "user_id": "test",
  "timestamp": "20250615_000557",
  "sample_number": 4,
  "tone_duration": 0.5,
  "record_duration": 0.7,
  "freq": 1000,
  "in_ear": true,
  "lag_offset_ms": -0.0625,
  "echo_tail_ms": 5000.0,
  "zcr": 0.14632734530938124,
  "decay": 0.00025483859541456993,
  "rms": 0.22364500150970598
}