{
  "user_id": "test",
  "timestamp": "20250615_000517",
  "sample_number": 2,
  "tone_duration": 0.5,
  "record_duration": 0.7,
  "freq": 1000,
  "in_ear": true,
  "lag_offset_ms": -0.0625,
  "echo_tail_ms": 5000.0,
  "zcr": 0.15453592814371256,
  "decay": 0.00024531344935562393,
  "rms": 0.22264716081090918
}